motif	meme	memechip	cisFinder	vCNN	CoMoS
CACCNNNNNNNACA	Red_Oak2				
CGACNNNNNNNTCG	Riv25				
CCCGG		LA_Y3C,Red_Oak2,Filmore	LM10,Filmore		
ATCAA			Red_Oak2		
GACBNNNNNNGTC			Filmore,Red_Oak2		
AYCRNNRCC			Temecula_1		
CAMCNNNNVCA			Riv25		
CGCMNNNNNCGC			LM10		
CMSC			LA_Y3C		
ACYSNNHGT			Temecula_1		
CAMCYKCA			Temecula_1		
CRBCA			Bak13		
CACCNNNNNNMMC			LM10		
CCANG				Bak13	
GANANNNNTNA				LA_Y3C	
ACAG				Temecula_1	
CAYNNRNY				Riv19	
CYGGGT				LM10	
GNNANNNNNNRC				Filmore	
ATCATCAA	Temecula_1				
CAACNNNNNNACC	OC8				
GGAAAAAG	Filmore				
CAACNNNNNNNACG	Riv25				
GGAANNNNNNNATC		Bak13			
GACNNNNNNGTC		Riv25,Riv16			Riv16,Riv25,Riv19
CCSGG		LA_Y3C,LM10	Red_Oak2	Filmore	LM10,LA_Y3C,Red_Oak2,Filmore
GGANNNNNNNNATC					Bak8,Bak13,Temecula_1
CAYC			Red_Oak2,Riv25,OC8,Temecula_1,De_Donno		
AGKHNNTTG			Oak_35874		
ACCMNC			OC8		
CRAA			Riv25		
CAKC			Temecula_1,Filmore		
GACC			Temecula_1		
TTCGA			Riv25,Riv16,Riv19		
CAGG			Bak8,Temecula_1,Bak13	Bak8	
GCCGNNNTGC			Riv16		
CMYCNNNCAA			LM10		
AABVNNNNNTGT			LA_Y3C		
ASAC			OC8		
ADBVNNMMC			LM10		
CVDSNNNACC			LA_Y3C		
CAACVYC			LA_Y3C		
CCGRNNWCR				OC8	
TAYGNCT				Oak_35874	
GGRCY				Bak13	
GANNNNNGNG				Riv16	
ATGNNA				Oak_35874	
GAAC				Oak_35874	
CGAG				Red_Oak2	
CCACNNNNNNCCA	Riv16				
GASMNNNNTGA			Oak_35874		
ATCAC			Riv19	Riv16	
AAAATRA			Riv25		
TVCGWT			Oak_35874		
TCASNNNNCTC			Filmore		
CAAHNNNNCCA			Filmore		
AAKKTTAA			Riv25		
CCABNNNNYTG			LA_Y3C		
TSATNNNNATC				Bak13	
ATGGNR				Bak13	
GCGC				Riv16	
TGGA				Red_Oak2,Riv25	
TACG			Oak_35874	Red_Oak2,LA_Y3C	
AAACAACA	Bak8,Filmore				
CATCAATG	Bak13				
CCCCCC	Riv16				
TWCGA			Temecula_1,Bak13		
CAYYGACA			Riv25		
ADCYNNNNGTC			De_Donno		
AACGNNRCC			Bak8		
ACBSNNNNNSDG			Bak13		
AYCA			Red_Oak2		
ATNTTGG			Riv16		
ANAA				OC8	
CGNNNNNNNYGA				LA_Y3C	
CRCTGGAR				Oak_35874	
CCGY				LA_Y3C	
TACYGR				Riv16	
CCKGNNNNR				LM10	
ATCYT				Oak_35874	
CACCNNNNNCGG	Red_Oak2				
ACTTNNNNNNNCTC	Oak_35874				
GCCANNNNATT	De_Donno				
ACANNNNNNNGTC		De_Donno			De_Donno
CATGDSCA			Riv16		
AYAA			Riv19		
GAYNNNNNNNATC			Temecula_1		
GMBCNNNWTG			Filmore		
AAKTNNAAC			Riv25		
CADVNNNNYGT			De_Donno		
ANKCNNNNBAA			De_Donno		
GTHACCG			LM10		
GCCG			LA_Y3C		
ARSYC			Oak_35874		
ACGGNNNNNGTC			Filmore		
AATANNNRAA			Riv25		
AWCCA			Oak_35874		
GSABNNTSC			LM10		
ACNNNNNGTG				Bak8	
CGCAT				LA_Y3C	
GCYGRC				LM10	
GTACG				Oak_35874	
CCGGNNNNNNNRNC				Filmore	
GTACK				Oak_35874	
CGACNNNNNNNCCA	Riv19				
CACCNNNNCCA	Red_Oak2				
CGCCNNNNNNNGCA	Temecula_1				
ATCGATG					Bak13
GAGC					OC8
CNWCA			Riv19		
AGDHNNNTG			LM10		
GYTC			OC8		
CCANNNNMHT			De_Donno		
AAAAWC			Riv16		
TCGRA			Bak13,Riv25		
CGTTNT				Riv25	
CGNG				OC8	
AANRNNNNGRM				LA_Y3C	
CTCTNNNNNNNCGC	Oak_35874				
TCATNNNNCTC	Oak_35874				
CAACNNNNNNNACA	Riv19				
CCAGNNCAA	Bak8				
GGATC		Oak_35874			
CGTACG		Red_Oak2			Red_Oak2
AWCRCC			Red_Oak2		
CCYG			Red_Oak2		
GAAKNNNNGCA			Bak13		
AWTGNNNGAA			Riv25		
CAVYNNNGGC			LM10		
CANCNW				Riv25	
TTGANNANR				Filmore	
TCGAWMNM				Riv16	
CGCCNNNACC	Filmore				
AAACAAAG	Riv25				
CCTGGC		Bak13	Bak8,Bak13		
GATCCA		Oak_35874			
ACCCNNCGC			Red_Oak2		
AGAHNNTCG			Riv25		
CAKBSTSC			Filmore		
TGYANNNNNGCC			Riv16		
CARCNNMNC			Riv19		
ATVYNNMAA			OC8		
AGNATC			Oak_35874		
CWGGNNNNNNNG				Bak13	
GCYCNNKYG				Riv16	
CGGMACKT				OC8	
CAYNNNNNNNNNNK				Temecula_1	
CMAGSTCA				LM10	
TAWSNNAYS				Oak_35874	
CNYCNNNNYC				Riv16	
CWGC				Riv19	
TACTNNAAC	Riv19				
CCACNNNNNNAAC	Riv25				
AACANNNNNGGT	Temecula_1				
CACBNNNNGTC		Bak8,Bak13			
CSTAC			Red_Oak2,Oak_35874		
ARACNNNVBA			OC8		
TCGA			Riv25,Bak13,Temecula_1	Riv19	
CMMNNNNCTC			Filmore		
CRAMNNNWGC			Riv25		
TACC			De_Donno		
CNWC			Riv16		
TCADNNNNCWC			LM10		
ATCVC			LA_Y3C		
CNVC			OC8		
CAAANVCA			Temecula_1		
CAHCAACG			Riv19		
GNCC				Riv25,Oak_35874	
AKGCNNNNNYYR				De_Donno	
CAGCNNNNTCA	Bak13				
CAAAAA	Filmore				
AAAAGAAC	Riv25				
ACAACAAT	Riv25				
GAGNNNNNTGA		Filmore,LM10,Oak_35874			LM10,Oak_35874,Filmore
GCCAGG	Bak13	Temecula_1,Bak13,De_Donno,Bak8	Bak13,Temecula_1,Bak8		Bak8,Bak13,De_Donno,Temecula_1
CWCA			OC8		
CYCCT			Temecula_1		
CCAGGC			Bak13		
GTCVNNDTG			OC8		
ARMHRDA			OC8		
GHVCTG			OC8		
ATSVNNNNNATC			Bak13		
CANYGNTT				Riv16	
ARNGNNNNSNC				De_Donno	
GTACNNNNR				Oak_35874	
ATCCNNNNNNNCGC	Riv19				
CACCNNNNCAC	Riv19				
CAACNNNNNNNCCA	Riv16				
ACACNNNNNNTTC		LA_Y3C			
GCCGGC		LM10			LM10
ADCSNNCTC			Filmore		
CAVBNNNNTGG			LA_Y3C		
CCAG			De_Donno,Bak13		
CAWMNNNNCCA			Riv19		
CAKTRCG			LA_Y3C		
CAHYGC			Bak13		
CAATNNNCTC			Oak_35874		
CSCGG			LA_Y3C		
CAATNNNNGCA			Riv19		
CAAKCA			Riv19		
CASGNNNNNYMA				Temecula_1	
AGNC				Riv25	
GNCCNA				LA_Y3C	
CNTCNNNNNNGSC				LA_Y3C	
GACNNNNNR				Oak_35874	
AACACCA	Temecula_1				
ACATNNNAGC	Riv16				
TCAANNNNNNCCC	Oak_35874				
CAATNNNNNNNCCA	OC8				
CCCGGC		LM10			
CAHYKCC			Temecula_1		
CGWA			Filmore,LM10		
CAMDAGC			Bak8		
AACA			OC8,Riv25		
CAMCDC			LM10		
GWTCC			Oak_35874		
CAVSNNNNTGG			LA_Y3C		
CANTNNCMM				De_Donno	
AWNNNNCAM				OC8	
ARGSWG				Riv16	
TYGAANW				Riv25	
CNNNG				Riv25	
GAKNNNNNTGA				LM10	
CANNA				LM10	
CARNNNNMTC				Oak_35874	
CAACNNNNNNNCGC	Riv16				
AAGAAAAA	Filmore				
CCCCNNNNCCG	Bak8				
AAGANNNNNNNAAC	LM10				
CCAANNNNNNNACC	Bak13				
TCABNNNNCKC			Oak_35874		
CWBVNNCAA			Riv25		
TCSAA			Bak13,Riv25,Riv19		
AKMRNNNTSA			Filmore		
CGWACG			Red_Oak2,Filmore,LA_Y3C		
AWGCC			De_Donno		
ASCANNCAC			Riv19		
TCGKNNNAGG			Bak13		
CAMGNNNCTC			Oak_35874,LM10		
TCNGA				Riv25	
CAWNNNNNNNNAA				Temecula_1	
TACNNYC				Temecula_1	
CCAGNNNNNNYG				De_Donno	
ACAANNNNGAC	Temecula_1				
CCCCNNNNNNCCC	Riv25				
CAACACC	Temecula_1				
GAAMNNNNNNCTC			Red_Oak2		
GACKNNNNNGTC			Riv16		
CARSNNCAC			De_Donno		
ASACA			Bak8		
CTKBNNNNNMGC			LM10		
ACADNNNNNBGT			De_Donno		
AYBNCA			Red_Oak2		
AVCGCC			Riv19		
GACNNNNNNNNMTG				Temecula_1	
GNCTTYG				Bak13	
GKCWNNNNNRAM				OC8	
CAGM				OC8	
TCRTNNNNNTCA				Oak_35874	
CCANNNNNNNRCC		De_Donno			De_Donno
ACSSKCRC			Temecula_1		
CAAVNNNAYC			Filmore		
ANACCA			Filmore		
AAMVACA			Red_Oak2		
CAWMMMC			Red_Oak2		
CANMNNNNT			De_Donno		
CTGANNNNCTG			Riv16		
TTCGMA			Riv19		
CKTAC			Oak_35874		
AAVKACA			Bak13		
CNYR				LA_Y3C	
AWNCNNNNNTG				LM10	
CCCCCCC	Bak8				
TTCGNNHBC		Riv19			
ACVVNNNSGT			Riv25		
ACKYNNHGT			Temecula_1		
CAVMNNNHTG			LA_Y3C		
CASC			Riv25		
CTCGC			De_Donno		
GTGAVG			Bak13		
GANNNNNNNNNNNA				Red_Oak2	
TATT				Temecula_1	
TRCGRC				Oak_35874	
GYACNNSCM				Filmore	
CYKGNNNNNNNGC				Red_Oak2	
CWTSNNNNANG				Riv16	
CAATSNC				Filmore	
CGTGNNNNNNNAGG	Bak8				
GACGNNNNNGTC	Riv25				
TTCGAA	Riv25	Riv25,Bak8,Bak13	Bak13		Bak13,Riv25,Bak8
GCCAGGA		De_Donno			
AGACC		OC8		OC8	OC8
AMCAC			Riv19		
CMWYGRCA			Temecula_1		
CACMCKC			De_Donno		
TCKA			Bak8		
AAATNNNNAGA			Riv16		
CARYYSC			OC8		
CACCNNNNNNRGC			Bak8		
CACCGBBA			Bak13		
GAKMNNNTTG			Filmore		
AAWRBC			Red_Oak2		
AAVWWCA			Bak13		
CGGSA			LM10		
AWRNNNNNGCM				Riv19	
TSAKNNNNCTS				Filmore	
AACANNNCCA	Temecula_1				
AANNTG			Riv25		
CAMCNNNKHC			LA_Y3C		
CGMAWBC			Bak8		
CHWCNNNBYC			De_Donno		
CAWCG			De_Donno		
CACC			De_Donno,Temecula_1,Filmore,Riv19,LA_Y3C		
GACNNNNNGTG		Bak8,Temecula_1,Bak13	Bak8,Bak13		Bak13,Temecula_1,Bak8
GBAC			LA_Y3C		
CGGCMA			Temecula_1		
AASGNNNNNAAG			Temecula_1		
CGYGNNNNNVVC			Bak13		
CGAANNNNTC				Temecula_1	
CGWG				LM10	
CNYRNNNNNC				Riv19	
ANCNNNNNNNRNA				Oak_35874	
GACNNNNNNNGTC		Red_Oak2,Filmore		Filmore	Red_Oak2,Filmore,LM10
CCCANNNNNCAC	Oak_35874				
ACAYNNNNNNTTC		LA_Y3C	LA_Y3C		LA_Y3C
ATCCA			Oak_35874		
CAVTNNNNNNGNC			OC8		
AMCA			Riv25		
TGAGNNNNNNNNSGC			Riv16		
CBTACG			LM10		
CMAWWC			OC8		
CCSSNNNCCA			Temecula_1		
ACYSNNNBTC			Bak13		
CGGR				Red_Oak2	
GRWA				OC8	
AWRA				OC8	
AGCGTMCK				Oak_35874	
CAATNNNNNNNCTC	Filmore				
CACNNNNNGTC		Bak13,Temecula_1,Bak8			Bak8,Bak13,Temecula_1
CAAWST			Red_Oak2		
CACATC			Oak_35874		
ANNSC			LA_Y3C		
CAGYNNNGCC			Bak8		
CCTC			Oak_35874		
ADCVNNCTC			Filmore		
CARC			Riv16	De_Donno,LA_Y3C	
ARRAAA			Riv25		
TSANNNNNNTSA				Filmore	
ANCAG				Riv19	
CCAANNNAGC	Red_Oak2				
TCTTNNNNNNNCTC	Filmore				
CAAANNNNNAAA	LM10				
CGCCNNNNNNNCCG	LM10				
CCCTNNNNNNNCGC	Riv25				
CCGGG		Red_Oak2		Filmore	
GTWCG			Filmore		
ACCANNNNNCRG			Temecula_1		
ATBNNNNNVAT			Temecula_1		
AHCMNNNMCA			Red_Oak2		
ADMNNNNTGC			De_Donno		
CACCGDBA			Bak8		
CAVKGRC			OC8		
CCARNNNNHTG			LA_Y3C		
CAASNNNNNS				OC8	
GACCAA				OC8	
CWNYG				OC8	
ANWNNNNNGNC				Oak_35874	
CAACNNNAAC	Oak_35874				
GACGNNNNNNNGTT	De_Donno				
CGAWNNWWT			Temecula_1		
CABHNNNNTG			LA_Y3C		
CAAKHKC			De_Donno		
GCCNT			De_Donno		
GACVNNNNNGTC			Riv25		
ATSSC			LA_Y3C		
GWACG			Oak_35874		
ATGVNNNNNATC			Temecula_1		
AYKSNNNTGG			De_Donno		
CAYCNNKAC			Temecula_1		
AABHNNNNCA			Riv16		
CACVCA			Bak13		
CGTASGC			LA_Y3C		
CARYGY				Riv25	
CCAGNNNNGC				Bak13	
ANNNNNNNNAGG				De_Donno	
CAAACACA	Red_Oak2				
AAVWNNNGCA			Riv19		
AVCG			Riv19		
ACGCHNYG			Temecula_1		
TYGAA			Temecula_1		
CANHNNSHT			De_Donno		
ATCC			Riv16		
CAHC			Riv16		
CANHNNNNNNSYC			Oak_35874		
CMACNNNKNC			Temecula_1		
CCAGG			Temecula_1		
CADCWTBC			Oak_35874		
CGGRNNNNA				Bak8	
CARYNNNNNNNC				De_Donno	
TCYW				Oak_35874	
CCCCNNNCCC	Riv19				
ATCANNNNNNNCCC	Riv19				
GAANNNNNNNTGT		LA_Y3C			LA_Y3C
CGTAC			Red_Oak2		
CNDDBRGT			Bak8		
ADVRNNNNRSC			De_Donno		
TGCC			De_Donno		
CGSCNNNNNCHT			Riv16		
AGGCNNNNARC			Riv16		
CDNVVBC			Bak8		
CTGG			LA_Y3C		
ACVNSC			Temecula_1		
CABC			Red_Oak2		
AAAANNNNSMA			Riv25		
CGYCA				Bak13	
CAGYG				Temecula_1	
TCMGNNNNSTG				OC8	
CRNR				Red_Oak2	
GGCGNNNNNNNGTG	Bak13				
CAACACCA	LA_Y3C				
GATTNNNNNNGTC					LA_Y3C
CSRSNNNNTCA			Riv25		
CARNNNNYSG			De_Donno		
TCSCC			De_Donno		
CMTCG			De_Donno		
GACDNNNNNGTC			Riv16		
AADC			OC8		
AAKGNNNVMA			Temecula_1		
CRBCHBC			De_Donno		
CAMRNNATG			Bak13		
CAGSAWCG				Temecula_1	
TYGCG				Red_Oak2	
TCGAA			Riv16	Riv16	
ACAACAAA	De_Donno				
RGATCY		Oak_35874			Oak_35874
CMSATC			Riv25		
TGNCCTG			Bak13		
AAACNNGGA			Riv25		
AAACA			LA_Y3C		
TWCG			LA_Y3C,Red_Oak2,Bak8		
CAHTG			Temecula_1		
TCCANNCC			LA_Y3C		
ATCGNNNNCRC				Riv16	
TCANNNNNCTC		LM10,Oak_35874			Filmore,LM10,Oak_35874
GATGNNNNNNNTCC		Temecula_1			Bak8,Temecula_1
ACVYNNNNAWT			Riv19		
GGCGGRG			Temecula_1		
CTCCTNGC			De_Donno		
CCTG			De_Donno,Temecula_1,Bak13		
CGDGC			De_Donno		
AGBRNNNTGA			LM10		
CYAC			LA_Y3C		
CVRATGGT			Bak13		
CARCNNNDYG			De_Donno		
GTRC			Red_Oak2		
CAMCA			Riv16	LA_Y3C	
GGCGGDG			Bak13		
CACCHHC			Riv25		
CRNHAC			LM10		
CCWGNNNNNNYKG				De_Donno	
ATCNNNNNSAT				Oak_35874	
CAAANNNNNCAG	LM10				
CGAANNNNCCG	De_Donno				
CCADNNNNNTGG		LA_Y3C			
CCANNNNNNTRC			De_Donno		
ACGC			Bak8,Filmore,LA_Y3C		
CCGGNNNNYAT			Riv16		
CTCANNNAGG			Riv16		
GATGNNNNNNATC			Bak13,Bak8		
GGYC			OC8	Bak13	
CMTG			De_Donno		
AAASAA			Riv25		
AGKVNNNTGA			LM10		
CAAAC			LM10,Bak13		
CSGGC			LM10		
CARTACC				OC8	
ATNTNNNNNATG				LM10	
TCANSAW				LA_Y3C	
CATCNNNNCCC	OC8				
AANAC			Riv25		
AMAWCA			Filmore		
CATYGBC			Temecula_1		
CCWG			Temecula_1		
CAHCNNNNBCA			Bak8		
ATATNNNNNGCT			Riv16		
ARGCAA			Riv19		
CAKSMYC			LM10		
ATCMNNNNCA			Oak_35874		
CADYNNNNTGG			LA_Y3C		
ACCAACMC			Riv19		
CGTCG				Riv25	
CAGK				Bak13	
CNCSGA				Temecula_1	
GANG				OC8	
CCAANNNNNNNCCA	De_Donno				
CCANNNNNNTGG		LA_Y3C		LA_Y3C	LA_Y3C
AAACKA			OC8		
GCCGWHTT			Riv25		
GAYMNNNNTGA			Filmore		
ATCDC			Filmore		
CAATST			Red_Oak2		
CCAHTG			De_Donno		
ACRYC			LA_Y3C		
GACVNNNNGTG			Temecula_1		
AVAYVAMC			Temecula_1		
CTGGC			De_Donno		
CCRT				Temecula_1	
TGCAA				Temecula_1	
AGGMNNTG				De_Donno	
CAAANNAAA	De_Donno				
GACNNNBVG		Bak13			
GAANNNNNNNCTC					Red_Oak2
CANNNNNACC			Temecula_1		
CRHRNNGTG			Temecula_1		
CMNSSGC			De_Donno		
AHAAA			De_Donno,OC8		
CAKVNNHMT			LA_Y3C		
ABYVYRAT			LA_Y3C		
GYATNNNNRTG			De_Donno		
GAMBNNNNGTG			Temecula_1		
CATSNNNNCCA			Riv16		
TCRAA			Bak13		
CAABGC			LM10		
GGCSGC				Filmore	
AWNNNNNNNNNMA				De_Donno	
AKNA				LM10	
CCRRGMAA				Red_Oak2	
CAGANNNNNNNACG	Red_Oak2				
AACCNNNNGCA	OC8				
GCCGNNNAAA	LA_Y3C				
AGTGNNNNGGA	LA_Y3C				
CAACNNNNNNGCC	Bak8				
AACGNNNCAA			Temecula_1		
TYCGA			Temecula_1		
CADGNNBMT			LA_Y3C		
CASCRCC			Bak13		
AARC			Filmore		
GNCANNNSYG				Riv25	
AWAWNNNNNSMK				De_Donno	
CGRG				Riv16	
CANY				LM10	
GTCANNACC	LA_Y3C				
TGAANNNNCCA			Riv25		
CGAC			Riv25		
CAAGNNNCTC			Filmore		
CANCA			Riv16		
TGGC			De_Donno,Temecula_1,Bak8,Bak13		
GAVDNNNNTGA			LM10		
AGAYCA			LA_Y3C		
AHBSNNNNNATC			Bak13		
AMSRNNANC			Bak13		
CAGKNNNNNNAA				Temecula_1	
TNGANNMAG				LA_Y3C	
TAYNNMNC				De_Donno	
CARNSNCA				De_Donno	
CGGG			LA_Y3C	LA_Y3C	
CACANA				Oak_35874	
CGMRAK				Oak_35874	
ACAMNNNCAC		OC8			
ACCNVMYA			OC8		
GACSNNNNNGTC			Riv16		
CCVANNNNNNNYGC			Temecula_1		
CCARNNNNYTG			LA_Y3C		
CAAHKC			LA_Y3C		
ACRYNNNNNTGT			De_Donno		
GYATNNNNVTG			De_Donno		
CMDSMTC			Temecula_1		
CYGG			Red_Oak2		
ACMHNNNNGTC			Riv19		
CAGDCA			Riv19		
GRNCY				LA_Y3C	
CAANNNNCTC				Filmore	
CACCACCC	Oak_35874				
CGWRCGC			Red_Oak2		
AAHAACG			Riv25		
AYMBNNNNNBRA			Temecula_1		
ACRYGMBG			Temecula_1		
ASSCAC			Bak8		
CCAGNNNNNNNGCC			Riv16		
GATTCAG			Riv16		
ATCGGCA			OC8		
GWAMNNNNNNNNATC			Riv25		
ACBHNNNNGTC			Riv25		
CGCATC			LA_Y3C		
CGTWC			LM10,LA_Y3C		
CSARG				Temecula_1	
GNATNNNNNNNNANC				Temecula_1	
CCASG				Bak8	
CCNS				LA_Y3C	
AACANNNNNNGTT	Filmore				
ACGGNNNAAC	Bak13				
AAVMNNBYG			Riv25		
CRGBTT			Riv25		
CVMCGMGT			Temecula_1		
CAAT			Filmore		
CAMYNNGNG			Bak8		
ATCGT			Bak8		
CMAA			Bak8		
CSAGG			De_Donno		
TTCKA			Riv19		
CRTC			Riv19		
CHSA			OC8		
CAGBA			Bak13		
CRCCMTC			Oak_35874		
CANC			Bak8		
TCARNNNKCT			LM10		
AGGANNA				Bak13	
CGACNR				OC8	
TATYNNNNA				De_Donno	
CGGSNNNG				Filmore	
AACS				Oak_35874	
ATCNNNNANG				Oak_35874	
CCACNNNNNNAGC	Temecula_1				
TCAGNNNNCTC	Oak_35874				
ATTGNNNGGT	Bak8				
CAMC			Bak13		
GCAKNNTGA			Filmore		
CNKGHMC			Riv25		
CAGGGCA			Bak13		
ATSC			Oak_35874		
ATTGNNNNNTTG			Riv16		
GGCC				LA_Y3C	
CGCTG				Oak_35874	
CARNG				Oak_35874	
CCATNNNNNNNGGT	LA_Y3C				
CAAANNACA	De_Donno				
CACANNNNNNNCAC	Bak8				
CATCACCA	Bak8				
GGYANNNNNNTG		De_Donno			
ATCRVC			Riv19		
CABVNNNACC			LA_Y3C		
CAMHSRC			Filmore		
CMWDBT			Riv19		
ADCCA			Oak_35874		
CTCCTHGC			De_Donno		
ACTRGCA			Riv16		
CSSC			LM10		
GACNNNNNNNGNC				Bak13	
CNTY				Oak_35874	
ACAANNNNNNNCCA	Riv19				
GCCGNNNNNNGTG	LM10				
TCADNNNNCTC		Filmore			
ACCHNNKGT			Temecula_1		
TTCSAA			Temecula_1		
AGGANNNNNAGG			Riv25		
ACSWNNNNGTC			Riv25		
CAWNNNNYHG			De_Donno		
CRATGC			De_Donno		
CANHNNNNNNGNC			OC8		
ATGBNNNNVWT			Bak13		
CAKVTWC			Riv16		
CMAYBKC			LM10		
TGCHNNNNTTG			LM10		
GCCANNNNNG				Temecula_1	
AANTKWC				Riv25	
CCGNRM				LA_Y3C	
CATCNNNNNNNCCA	Bak8				
CAAANNNNNNNCCA	OC8				
GGTCT		OC8	OC8		
CGKACG			Red_Oak2		
GHMA			Riv19		
ACAWNNNNNHGT			De_Donno		
CAANRCA			De_Donno		
CTAKNNAGG			Riv16		
TCAC			Riv19		
GACMNNNNNNGTC			LM10		
CBYKVHGT			Bak13		
CHKC			Bak13		
TCRANNNNNNNAWS				Temecula_1	
TCGAANA				Riv25	
ANWANA				Riv25	
GTAWYGC				De_Donno	
AACANNNNNNNCAA	Bak13				
AAACAAC	LA_Y3C				
ATTWNNNNCWR		De_Donno			
AAAAA			Riv25		
CGAA			Riv19,Riv16,Bak13,Bak8,Temecula_1	Riv25	
CGBDNNNAMC			Temecula_1		
TSGAA			Temecula_1,Bak8,Riv25		
AGATNNNNNGAT			Riv16		
GGGC			Riv19		
AMCBTC			Bak8		
CAHT			LA_Y3C		
GACGNNNNGTG			Bak13		
CAWC			Oak_35874		
CGHC			Temecula_1		
AAAC			Red_Oak2		
ABYKNNNNNGSC			Riv16		
ACGTCAGC			Riv19		
AAWTGT				Riv25	
CGWC				OC8	
CGWACGNM				LA_Y3C	
TTRCNNNNG				Riv16	
GAGGNNGCT				Filmore	
TTGATNT				Filmore	
GGAANNNNCCG	LM10				
TCAANNNNCTC	Filmore			Oak_35874	
AMCANNVCA			Red_Oak2		
AACANNRCC			OC8		
AMGYMA			Riv25		
ATCA			Riv25		
CTCA			Riv19		
AWNWGDT			Temecula_1		
CGHACG			LM10		
CGWAC			LA_Y3C		
TCAHNNNNCTC			Filmore		
CRVSVNC			Bak8		
ARMVNNNNNNNDGC			LM10		
GWAC			LM10		
CSST				Riv16	
GSCNCNT				OC8	
GRCC				OC8	
CCRGGRKS				LA_Y3C	
AGCA				LM10,Bak8	
ACGCWR				Oak_35874	
CGSCNNNNTC				Filmore	
CGHTNNSBT			Riv25		
CGYKNNNRGC			Riv19		
CMWCG			De_Donno		
ACAASSA			Riv25		
CCGCACC			LM10		
AGKTNNHTG			Oak_35874		
CYACAMC			Riv19		
CGKC				OC8	
AGGSNNNYG				Oak_35874	
ACRNYGNNNNSTWYNSC				De_Donno	
TSNANNNSCW				Riv19	
ACAGNNNATC	Bak13				
AVCA			Riv25		
CAWCNNNACC			Filmore		
CAYSNNNNYCA			Riv16		
CAAG			Riv19	OC8	
CAMCGHC			Riv25		
CSRCA			De_Donno		
TTCRAA			Riv19		
AWGNNNNTGG			LA_Y3C		
AGYRNNNTGA			Oak_35874		
CSYACG			Oak_35874		
CAGGNNNGCG			Temecula_1		
ARBAMAC			Riv16		
CATTG			Riv16		
AAGKMA			Riv25		
ACSG				Oak_35874	
CTRHNNNNNNWTC			Riv25		
CMRGGGC			Temecula_1		
CAACAA			LA_Y3C		
ACAVNNNNNNGTC			De_Donno		
CAAMNNNBGC			Riv25		
CCSSG			Red_Oak2		
GWHANNGHC			De_Donno		
CCGHKBNC			Riv19		
CACCNNNHCC			Bak13		
AAVAA			OC8		
AAAATAA			Temecula_1		
CACTNNCGG			Red_Oak2		
GCGKTGTT			Riv19		
GMCANNNNGT				Bak13	
GTCNNNNNNRCT				Filmore	
GCCGNNAAA	OC8				
ACCCNNNNNNACC	Red_Oak2				
CAGACC	OC8				
CATSNNNNNNBWC			Riv25		
CKKHAMC			Riv25		
ARYACAC			Riv16		
AATBGC			Riv19		
ACGVNNNNNCMG			Temecula_1		
CAGNNNTAC			Filmore		
AWTGNNWTG			De_Donno		
GCARC			De_Donno		
CDTNSWCA			LM10		
CAAWNNNDTG			LA_Y3C		
CRCSNNCCA			Temecula_1		
CMVMAVC			Bak13		
TGCNNNNYNG				Temecula_1	
GACNNNNNNNNNRNC				Riv25	
CAAS				LA_Y3C	
AAGANNNNNNNGGA	Red_Oak2				
GGYANNNNNNTGG					De_Donno
CACTBCAA			Temecula_1		
AVWA			Bak8		
AGAC			OC8		
CACCNNNNSTC			Bak13		
TGRC			Temecula_1		
ARACNNNNNA				OC8	
CRAAANT				OC8	
CAGCNT				De_Donno	
GCRACT				LM10	
GACGNNNNSKS				Bak13	
ACNBNNNGT		Temecula_1			
SCCGG		LM10			
CADCKCA			Oak_35874		
ACCANNNVC			OC8		
AWMWNNNNNNNKGT			Bak8		
GCSDNNNNNNNRGC			De_Donno		
GGACT			OC8		
CGYTSNTG				Riv25	
CGRNNA				Temecula_1	
TTKCTKG				LA_Y3C	
ATCY				Oak_35874	
AANNNNNNNNYGA				De_Donno	
CANNNNNNNGTC				De_Donno	
CRMTG				Riv19	
GCCANNNNNNNGGA	LA_Y3C				
GCCANNNNNNNGTG	Temecula_1				
CWTCA			OC8		
CACMTNNA			Riv16		
GACVNNNNNNATC			LA_Y3C		
CRGC			Filmore,Riv25		
AKCANNNNNNRCA			De_Donno		
AAVDWCA			De_Donno		
CGGC			LM10,OC8	LM10	
ACYSGC			Bak13		
CVDWVMC			OC8		
GCATT			Oak_35874		
ABAYC			Temecula_1		
AGTHNNNTGA			Oak_35874		
CCGG			LM10,LA_Y3C,Filmore	LM10,Red_Oak2	
ACNNNNNNNNNNTYS				Temecula_1	
ATCYNNNYCA				OC8	
CAGGNNCR				Temecula_1	
CMCKA				Red_Oak2	
CATCNNNNNNCTC	Filmore				
CAACATCA	De_Donno				
TGACNNNNNNNGAA	LM10				
CATCNNNNNCGG	OC8				
TTCSA			Riv19		
AATNNNNNNATC			Temecula_1		
ACGYNNNNNTGT			De_Donno		
ARYSNNNNNHGA			Red_Oak2		
AHYG			LM10		
CWCCNNNNMCA			Riv19		
CGSA			Riv19		
CSCG				Riv25	
ATCMA				Riv16,Oak_35874	
ACSNNG				LA_Y3C	
ACNCAC				OC8	
CCACNRNC				Oak_35874	
CWWCNNCAR				Riv19	
TCAANNNNNNNACC	Oak_35874				
GASRNNNAYG			Riv25		
CAATNSCA			Riv16		
GGCCA			De_Donno		
AWCAA			Riv25		
CKACRMC			De_Donno		
CCCTG			De_Donno		
TGCANNNNNNCCT			Riv16		
GCSATTG			OC8		
GTSCGGC			Oak_35874		
CAMYG			Oak_35874		
TCGBCAYC			Riv16		
AGGCCA			Riv25		
CCAATG			Oak_35874		
CARKNNNNANR				Bak13	
CNGTGNAC				Oak_35874	
CCCNCG				LM10	
ACATNNNNNNNCTC	Oak_35874				
CAATNNNNNNNGCA	Riv16				
ATCCNNNNAAT	LA_Y3C				
CABRNNNNNMA			Riv25		
TGCNRCTG			Riv25		
CAHWTTC			Riv25		
CAMMNNNCKC			Filmore		
AWKCACC			Riv16		
CMWC			Riv19		
GAWSNNNNKCA			Temecula_1		
ATGVNNNNNWT			Temecula_1		
CRSRNC			Bak13		
CCCG			Red_Oak2		
AYSRWC			Bak8		
CATC			LM10,Filmore,LA_Y3C		
ANCA			Bak8		
AKCVYC			LM10		
GAWGNNNNNNNWGC				Temecula_1	
CCAGNNNNNCGA				Temecula_1	
CKNNMA				Bak13	
TCYGNW				Oak_35874	
AVSYNNNTRC			De_Donno		
AYACC			LA_Y3C		
CAWBNNNCT			Oak_35874		
ATCMSKA			Oak_35874		
GAGVNNNNTGA			Filmore		
CAVBATC			LM10		
ATKNNNNNNNNTT				Bak13	
GNAANNNNNNCG				Bak13	
CCCCCCCC	Bak13				
CCRHCT			Filmore		
AVCDC			Riv25		
CRSC			Bak8		
CGCTSA			LA_Y3C		
CAAC			Filmore,Riv16		
CAMSKGCA			De_Donno		
GCCA			Bak8,De_Donno		
TACGG				LA_Y3C	
GRYANNNNNNNNGWS				De_Donno	
GSCANNGNC				Riv16	
CAAANNNNNGCA	LM10				
CTCANNNNNACC	Red_Oak2				
AACANNGCC	Temecula_1				
CCATNNNNNNNGCA	LA_Y3C				
CATCGAT					Bak13
TWCVA			Riv25		
CMSKGC			Filmore		
TVCG			Filmore		
AAAANNNNNNNAMC			Riv25		
GATCA			Bak8		
AACAC			LA_Y3C		
CHGC			LA_Y3C		
CARYTC			Filmore		
CAMCNNNNNNGGC			Temecula_1		
AAAHDWA			Bak13		
GAWNNNNNNNNNCCC				Temecula_1	
AGGNT				Temecula_1	
CMAGG				Bak8	
TCGANNNNNT				Bak13	
AGSATG				Oak_35874	
AHAYC			Temecula_1		
ANNGNNNTRC			De_Donno		
CAAA			Filmore		
AAWSNNNNNATC			Bak8		
CAKTG			De_Donno		
CAYMNNNNACA			OC8		
ACADCA			Riv16		
AWWVNNNNNATC			Bak13		
TGADDTTG			LM10		
TACNNNNNT				De_Donno	
GATGT				OC8	
TAYNNNTSC				Filmore	
ATCMNNNNRM				LM10	
CCAGNNNNNNNCCG	De_Donno				
GAAANNNNNNTGT		LA_Y3C			
GACNNNNNNNATC					LA_Y3C
CAVC			Red_Oak2,Oak_35874		
CGTA			Red_Oak2,LA_Y3C,Oak_35874		
AGCANNNNNNGCA			Oak_35874		
TCABNNNNCTC			Filmore		
GATSNNNNNNATC			Bak13,Temecula_1		
ACCA			Bak8,De_Donno		
ACBSNNNNTSG			Bak13		
CCDKC			LM10		
GNCNTC				De_Donno	
CGWANNNNRCG				Oak_35874	
TAYYNNNNNNG				LM10	
ANNNNNNNA				De_Donno	
CATCNNNNCCA	Riv25,Filmore				
ACCGGGAT	LA_Y3C				
CAGANNNNNAAA	LM10				
GATCC		Oak_35874			
CAWCNNNSDC			Filmore		
AACG			Riv16		
ARDCNNNDCG			Riv19		
CATYG			Riv19		
ATBDNNYTG			De_Donno		
CCTGG			De_Donno,Temecula_1		
TTGC			Oak_35874		
CAACNNNNCCG			Riv25		
ACVYAC			Bak8		
GSCGG			LM10		
CRMC			LM10,Temecula_1		
AARWC				Riv25	
AYCNAC				OC8	
GGCA				LM10	
TCGATA				Riv19	
CARANNNNRYR				Oak_35874	
TCATNNNNNNNAAC	LM10				
GAAHNNNNNNCTC		Red_Oak2			
GGADNNNNNNNATC		Bak13			
GAGNNNNNNNTTC					Red_Oak2
CAMCNNNDYC			Oak_35874		
CCAANNVCA			OC8		
CAKKNNNTTG			LA_Y3C		
CAACNNNNAAC			De_Donno		
AAWA			De_Donno		
GCSWNNAWT			Bak8		
GCGA			Riv16		
CACCVSCA			Bak13		
CACVNNNBGC			OC8		
AAAA			OC8,Riv16		
GCDTNNNNANA			Bak13		
GACVNNNNNNGTC			LM10,Red_Oak2		
AHBATC			LM10		
ACGSNNNNNNTCA			LM10		
ACVYNNNNMWT			Riv19		
CAGYA				Riv25	
CAGCNNNNNNACC	Riv19				
CCAGNNNNNNGCC	OC8				
CATTGATA	LM10				
ATCANNNNNNTCC	Filmore				
GACNNNNNNNTGT					De_Donno
TCMDNNNNCTC			Oak_35874		
CMYNNNNNNNNRCA			Temecula_1		
ATGVNNNNNNTCC			Temecula_1		
GTASGC			LA_Y3C		
GTAC			Filmore,Oak_35874		
CAMCNNNNAC			Riv25		
GVSAT			De_Donno		
CAWCVCC			OC8		
ARCAMC			OC8		
GCAACTGC			LM10		
CAWRNNNHTG			LA_Y3C		
CNCGGNA				LA_Y3C	
CAGGNNNTG				Bak13	
GGCGNNNNCGG	Temecula_1				
CATCGATA		Temecula_1			
GCASNNNNYCA		OC8			
CMAKSGC			Red_Oak2		
CADMNNNNHYA			Riv25		
TTCKAA			Riv25		
CASCNNNNSCA			Riv16		
TCGNNNNNGGC			Riv19		
CTSGNNNNSAG			Temecula_1		
ACDCNNNKTC			Temecula_1		
ATAAA			De_Donno,OC8		
CMKRGNC			Bak8		
ATCG			Oak_35874		
ACYSDSHG			Temecula_1		
GGCMA			Temecula_1		
CNAYNNNRGC				Riv25	
CWGGNNNWG				Temecula_1	
ACCG			De_Donno	OC8	
AANTT				Red_Oak2	
CAGCNNNNNNNCCA	De_Donno				
CSAAKVC			Riv25		
ADCA			Riv16		
CAKYNNVKT			LA_Y3C		
ACSKWC			Bak8		
CAMCCC			LM10		
CTBSA			Bak13		
CBWAC			LM10		
TKGA				Bak13	
GMAGCK				Riv16	
AAGNNNNSNA				Riv25	
CATGCA				Oak_35874	
GATC			Oak_35874	Oak_35874	
AHHHDNAA			Riv25		
CCARNNNNNNRCC			De_Donno		
CAAMDWC			Filmore		
ATTCNNNRAT			Riv16		
GACHNNNNGTG			Bak13		
CAMSKSC			OC8		
CVYCA			OC8		
ACCRNNACC			LA_Y3C		
AARGNNNNBWC			LM10		
CATCNNNNNNGGC			Riv19		
GAWG				Bak8	
GGATCYA				Oak_35874	
ACSGT				Oak_35874	
CCGCNNNNGCC	Filmore				
GTGCNNNAGG	De_Donno				
ACADNNNNNNGTC		De_Donno			
GGATNNRAA			Riv25		
TCGC			Temecula_1		
CAHGKGCA			De_Donno		
CAWCCWSA			OC8		
CCSG			LA_Y3C		
CGCC			Red_Oak2		
CATNYNTS				OC8	
ARCNK				LM10	
GNCCGG				LM10	
