motif	meme	memechip	CoMoS	cisFinder	vCNN
CCAANNNAGC	Red_Oak2				
CCATNNNNNNNGGT	LA_Y3C				
GCCAGG	Bak13	De_Donno,Temecula_1,Bak8,Bak13	Bak8,Temecula_1,Bak13,De_Donno	Bak13,Temecula_1,Bak8	
TCAANNNNCTC	Filmore				Oak_35874
CAACNNNNNNNCCA	Riv16				
GAGNNNNNTGA		Filmore,Oak_35874,LM10	LM10,Filmore,Oak_35874		
GACNNNNNNGTC		Riv25,Riv16	Riv19,Riv16,Riv25		
CTSGNNNNSAG				Temecula_1	
CGAWNNWWT				Temecula_1	
GATSNNNNNNATC				Bak13,Temecula_1	
ANNGNNNTRC				De_Donno	
TTCRAA				Riv19,Temecula_1	
GGYC				OC8	Bak13
GAGVNNNNTGA				Filmore	
ATGVNNNNNATC				Temecula_1	
CRVSVNC				Bak8	
CAATNNNNGCA				Riv19	
AAWTGT					Riv25
GNCNTC					De_Donno
GGRCY					Bak13
CATCNNNNCCA	Filmore,Riv25				
CADMNNNNHYA				Riv25	
CRGC				Filmore,Riv25	
GWHANNGHC				De_Donno	
AAAA				Riv16,OC8	
CAYMNNNNACA				OC8	
CAYCNNKAC				Temecula_1	
CSCGG				LA_Y3C	
CRABNNNGCC				LM10	
CNCGGNA					LA_Y3C
CGWG					LM10
GGATCYA					Oak_35874
CATGCA					Oak_35874
AANTT					Red_Oak2
CCCCCCC	Bak8				
ACATNNNAGC	Riv16				
ATCANNNNNNTCC	Filmore				
TCAANNNNNNCCC	Oak_35874				
ACAMNNNCAC		OC8			
GCCGGC		LM10	LM10		
GATTNNNNNNGTC			LA_Y3C		
GGTCT		OC8		OC8	
ACVVNNNSGT				Riv25	
CAMHNNNNGTC				Temecula_1	
GACNNNNNGTG		Temecula_1,Bak8,Bak13	Bak8,Temecula_1,Bak13	Bak13,Bak8	
AWMWNNNNNNNKGT				Bak8	
CTGANNNNCTG				Riv16	
ATTCNNNRAT				Riv16	
CNWC				Riv16	
TTCSA				Riv19,Bak8,Bak13	
CAKSMYC				LM10	
ATCMSKA				Oak_35874	
GYATNNNNRTG				De_Donno	
CARYGY					Riv25
ATCYNNNYCA					OC8
GANG					OC8
AWAWNNNNNSMK					De_Donno
CACCNNNNCAC	Riv19				
ATTGNNNGGT	Bak8				
GGATNNRAA				Riv25	
AYMBNNNNNBRA				Temecula_1	
CARSNNCAC				De_Donno	
ATAAA				De_Donno,OC8	
AAWA				De_Donno	
AAACNNGGA				Riv25	
AWGCC				De_Donno	
AAKKTTAA				Riv25	
ARRAAA				Riv25	
ARMVNNNNNNNDGC				LM10	
CANYGNTT					Riv16
CCSGG		LM10,LA_Y3C	LA_Y3C,LM10,Filmore,Red_Oak2	Red_Oak2	Filmore
CANTGNCA				Riv25	
AANAC				Riv25	
ATGVNNNNNWT				Temecula_1	
GACVNNNNNGTC				Riv25	
GCGA				Riv16	
CAMRNNATG				Bak13	
GACVNNNNNNGTC				LM10,Red_Oak2	
AVCGCC				Riv19	
CAGYA					Riv25
CGWC					OC8
CGKC					OC8
TCRTNNNNNTCA					Oak_35874
CCAGNNNNNNYG					De_Donno
CCAANNNNNNNCCA	De_Donno				
ATTWNNNNCWR		De_Donno			
AAACKA				OC8	
ATGVNNNNNNTCC				Temecula_1	
TGYANNNNNGCC				Riv16	
ATCC				Riv16	
CMDSMTC				Temecula_1	
ACYSNNNBTC				Bak13	
GGCGGDG				Bak13	
CGGSA				LM10	
GWTCC				Oak_35874	
CASGNNNNNYMA					Temecula_1
CSST					Riv16
CAASNNNNNS					OC8
GACNNNNNNNNNRNC					Riv25
CRCTGGAR					Oak_35874
TCYW					Oak_35874
CGCCNNNACC	Filmore				
CGCCNNNNNNNGCA	Temecula_1				
AACANNGCC	Temecula_1				
CATCNNNNCCC	OC8				
GCCAGGA		De_Donno			
ACGCHNYG				Temecula_1	
TTCSAA				Temecula_1	
ACRYNNNNNTGT				De_Donno	
GTABNNNTGA				Filmore	
ARCAMC				OC8	
CDNVVBC				Bak8	
CAKVNNHMT				LA_Y3C	
TVCGWT				Oak_35874	
CCTC				Oak_35874	
CGGCMA				Temecula_1	
AAAC				Red_Oak2	
CAAKNNNNNNGYC				LM10	
TGCHNNNNTTG				LM10	
AGGNT					Temecula_1
TGGA					Riv25,Red_Oak2
TTRCNNNNG					Riv16
CGSCNNNNTC					Filmore
GYACNNSCM					Filmore
ANCAG					Riv19
CAATNNNNNNNCCA	OC8				
ARDCNNNDCG				Riv19	
CACTBCAA				Temecula_1	
GYATNNNNVTG				De_Donno	
CRSC				Bak8	
CAMDAGC				Bak8	
AWGNNNNTGG				LA_Y3C	
CACCNNNNSTC				Bak13	
GHVCTG				OC8	
GHTCC				Oak_35874	
CCAGG				Temecula_1	
CRCSNNCCA				Temecula_1	
CACCNNNNNNMMC				LM10	
CCRGGRKS					LA_Y3C
GRWA					OC8
TYGAANW					Riv25
TRCGRC					Oak_35874
TCANSAW					LA_Y3C
CGGG				LA_Y3C	LA_Y3C
TCTTNNNNNNNCTC	Filmore				
ACAANNNNNNNCCA	Riv19				
GACNNNNNNNGTC		Filmore,Red_Oak2	Red_Oak2,Filmore,LM10		Filmore
CCANNNNNNTGG		LA_Y3C	LA_Y3C		LA_Y3C
TCANNNNNCTC		LM10,Oak_35874	Oak_35874,Filmore,LM10		
CMSATC				Riv25	
TCGRA				Riv25,Bak13	
CAAC				Riv16,Filmore	
GHMA				Riv19	
ACRYGMBG				Temecula_1	
CAAHKC				LA_Y3C	
CAATST				Red_Oak2	
CMKRGNC				Bak8	
AMCBTC				Bak8	
ACGC				LA_Y3C,Filmore,Bak8,Red_Oak2	
ACBSNNNNNSDG				Bak13	
CARYTC				Filmore	
CAMCNNNNNNGGC				Temecula_1	
AGTHNNNTGA				Oak_35874	
TTGATNT					Filmore
CARNNNNMTC					Oak_35874
CACANA					Oak_35874
CGMRAK					Oak_35874
TCATNNNNCTC	Oak_35874				
GGADNNNNNNNATC		Bak13			
GCASNNNNYCA		OC8			
ACCCNNCGC				Red_Oak2	
CGWRCGC				Red_Oak2	
CABRNNNNNMA				Riv25	
CAAGNNNCTC				Filmore	
ACSSKCRC				Temecula_1	
CAHYKCC				Temecula_1	
CAACAA				LA_Y3C	
AARC				Filmore	
GCCA				De_Donno,Bak8	
CAGGGCA				Bak13	
CSGGC				LM10	
CAGGNNCR					Temecula_1
GTACG					Oak_35874
TCYGNW					Oak_35874
CGTGNNNNNNNAGG	Bak8				
CACANNNNNNNCAC	Bak8				
CTRHNNNNNNWTC				Riv25	
CAYSNNNNYCA				Riv16	
CACMNNNNRTC				Temecula_1	
CGDGC				De_Donno	
ARMHRDA				OC8	
ADCVNNCTC				Filmore	
AAVWWCA				Bak13	
CHKC				Bak13	
CGWA				LM10,Filmore	
GACNNNNNNNGNC					Bak13
TSAKNNNNCTS					Filmore
CACNNNNNGTC		Bak8,Bak13,Temecula_1	Bak13,Bak8,Temecula_1		
CWCA				OC8	
AMAWCA				Filmore	
CVMCGMGT				Temecula_1	
CAVMNNNHTG				LA_Y3C	
CAACNNNNAAC				De_Donno	
CCSSG				Red_Oak2	
ADCYNNNNGTC				De_Donno	
CARCNNMNC				Riv19	
ATNTTGG				Riv16	
AHBSNNNNNATC				Bak13	
ACGSNNNNNNTCA				LM10	
GCGC					Riv16
GRCC					OC8
AGGMNNTG					De_Donno
CAGANNNNNNNACG	Red_Oak2				
CGCCNNNNNNNCCG	LM10				
GGAAAAAG	Filmore				
ACGGNNNAAC	Bak13				
CAMC				Bak13	
AABVNNNNNTGT				LA_Y3C	
AGAYCA				LA_Y3C	
CTBSA				Bak13	
GASGT				Red_Oak2	
CAMCDC				LM10	
CCRT					Temecula_1
GNAANNNNNNCG					Bak13
CANCNW					Riv25
TACGG					LA_Y3C
AKNA					LM10
CCCCNNNNCCG	Bak8				
GACNNNBVG		Bak13			
GATC				Oak_35874	Oak_35874
CGBDNNNAMC				Temecula_1	
TCGC				Temecula_1	
CAMHSRC				Filmore	
CCAG				De_Donno,Bak13	
TTGC				Oak_35874	
GAMBNNNNGTG				Temecula_1	
ACCRNNACC				LA_Y3C	
AARGNNNNBWC				LM10	
CGSA				Riv19	
ATCAC				Riv19	Riv16
GNCCGG					LM10
CAACACCA	LA_Y3C				
AAACAAC	LA_Y3C				
TCADNNNNCTC		Filmore			
ARACNNNVBA				OC8	
AHHHDNAA				Riv25	
ADCSNNCTC				Filmore	
TCGNNNNNGGC				Riv19	
CGYKNNNRGC				Riv19	
CTCA				Riv19	
GGCGGRG				Temecula_1	
ATCGNNNNCRC					Riv16
CAYNNNNNNNNNNK					Temecula_1
CWGGNNNWG					Temecula_1
TACNNNNNT					De_Donno
CGCTG					Oak_35874
CCCCCCCC	Bak13				
CAATNSCA				Riv16	
ATCRVC				Riv19	
CMSKGC				Filmore	
CNKGHMC				Riv25	
CMTCG				De_Donno	
AACGNNRCC				Bak8	
GCAACTGC				LM10	
CAAWNNNDTG				LA_Y3C	
CAKTRCG				LA_Y3C	
CAVKGRC				OC8	
CTCANNNNVCA				Temecula_1	
GACVNNNNGTG				Temecula_1	
CADCWTBC				Oak_35874	
CADYNNNNTGG				LA_Y3C	
CGTASGC				LA_Y3C	
TCARNNNKCT				LM10	
CGAA				Temecula_1,Riv16,Bak13,Bak8,Riv19	Riv25
ARCNK					LM10
CNYCNNNNYC					Riv16
ATCATCAA	Temecula_1				
ACANNNNNNNGTC		De_Donno	De_Donno		
CCANNNNNNNRCC		De_Donno	De_Donno		
CCCGG		LA_Y3C,Red_Oak2,Filmore		LM10,Filmore	
AACANNRCC				OC8	
AVCG				Riv19	
GACC				Temecula_1	
GCATNNTGC				LA_Y3C	
AAWSNNNNNATC				Bak8	
TGAGNNNNNNNNSGC				Riv16	
CDTNSWCA				LM10	
CCSG				LA_Y3C	
GBAC				LA_Y3C	
TTCGNNWBC				Bak13	
AHBATC				LM10	
ATCANNNTCA				LM10	
ATNTNNNNNATG					LM10
CAAS					LA_Y3C
CCAGNNNNNNNCCG	De_Donno				
AMGYMA				Riv25	
TSGAA				Riv25,Bak8,Temecula_1	
CATYG				Riv19	
CGWACG				Red_Oak2,LA_Y3C,Filmore	
AKCANNNNNNRCA				De_Donno	
CCTGG				De_Donno,Temecula_1	
CTGG				LA_Y3C	
GCATT				Oak_35874	
AYKSNNNTGG				De_Donno	
CACVCA				Bak13	
AAGKMA				Riv25	
CAWNNNNNNNNAA					Temecula_1
AKGCNNNNNYYR					De_Donno
TAYGNCT					Oak_35874
AANNNNNNNNYGA					De_Donno
TTCGNNHBC		Riv19			
GCCGWHTT				Riv25	
AAAAA				Riv25	
TWCG				Bak8,Red_Oak2,LA_Y3C	
CCAHTG				De_Donno	
ATATNNNNNGCT				Riv16	
ACBSNNNNTSG				Bak13	
CGNG					OC8
CGNNNNNNNYGA					LA_Y3C
CCAGNNNNNCGA					Temecula_1
CGWANNNNRCG					Oak_35874
CNGTGNAC					Oak_35874
ACRNYGNNNNSTWYNSC					De_Donno
CWGC					Riv19
GGCGNNNNNNNGTG	Bak13				
CATCNNNNNNNCCA	Bak8				
CAACNNNNNNGCC	Bak8				
GATGNNNNNNNTCC		Temecula_1	Bak8,Temecula_1,Bak13		
ACACNNNNNNTTC		LA_Y3C			
CWTCA				OC8	
ACGVNNNNNCMG				Temecula_1	
AAAATRA				Riv25	
TGCWTVTG				LA_Y3C	
CMSC				LA_Y3C	
CKTAC				Oak_35874	
CMACNNNKNC				Temecula_1	
ARACNNNNNA					OC8
ACSNNG					LA_Y3C
CAGACC	OC8				
RGATCY		Oak_35874	Oak_35874		
CGTACG		LM10	LM10		
AGCANNNNNNGCA				Oak_35874	
CAMCGHC				Riv25	
ANKCNNNNBAA				De_Donno	
AAVDWCA				De_Donno	
ATCGGCA				OC8	
CACCGBBA				Bak13	
TGRC				Temecula_1	
CTCCTHGC				De_Donno	
CCTG				Temecula_1,Bak13,De_Donno	
AATANNNRAA				Riv25	
CAAKCA				Riv19	
CGAANNNNTC					Temecula_1
AGGANNA					Bak13
GAWGNNNNNNNWGC					Temecula_1
TSANNNNNNTSA					Filmore
TAYNNNTSC					Filmore
CCCNCG					LM10
ATCNNNNANG					Oak_35874
CAACNNNNNNACC	OC8				
CAGCNNNNNNNCCA	De_Donno				
GASMNNNNTGA				Oak_35874	
CANCA				Riv16	
CAKKNNNTTG				LA_Y3C	
CCARNNNNNNRCC				De_Donno	
CADVNNNNYGT				De_Donno	
CGWAC				LA_Y3C	
CARCNNNDYG				De_Donno	
CYGG				Red_Oak2	
GMCANNNNGT					Bak13
ACAYNNNNNNTTC		LA_Y3C	LA_Y3C	LA_Y3C	
ATCAA				Red_Oak2	
CRAMNNNWGC				Riv25	
AWCAA				Riv25	
CNDDBRGT				Bak8	
ASACA				Bak8	
TCKA				Bak8	
CAWRNNNHTG				LA_Y3C	
CACCNNNHCC				Bak13	
CCGCACC				LM10	
CCARNNNNHTG				LA_Y3C	
CVDSNNNACC				LA_Y3C	
AKCVYC				LM10	
ACNNNNNNNNNNTYS					Temecula_1
ANWANA					Riv25
ANCNNNNNNNRNA					Oak_35874
CAAACACA	Red_Oak2				
CAACNNNNNNNACA	Riv19				
CACBNNNNGTC		Bak8,Bak13			
AGACC		OC8	OC8		OC8
TCABNNNNCTC				Filmore	
CACMTNNA				Riv16	
CMRGGGC				Temecula_1	
CADGNNBMT				LA_Y3C	
CAWCCWSA				OC8	
ASCANNCAC				Riv19	
CCANNNNMHT				De_Donno	
CTGGC				De_Donno	
CMTG				De_Donno	
CAKVTWC				Riv16	
ANCA				Bak8	
CGYTSNTG					Riv25
ANNNNNNNNAGG					De_Donno
CCGY					LA_Y3C
AWNNNNNNNNNMA					De_Donno
CARANNNNRYR					Oak_35874
AAACAAAG	Riv25				
GAANNNNNNNTGT		LA_Y3C	LA_Y3C		
CGKACG				Red_Oak2	
CAVTNNNNNNGNC				OC8	
CCAANNVCA				OC8	
AGAHNNTCG				Riv25	
CATYGBC				Temecula_1	
CKACRMC				De_Donno	
CANHNNNNNNSYC				Oak_35874	
CCYG				Red_Oak2	
ABYKNNNNNGSC				Riv16	
GSCGG				LM10	
GNCANNNSYG					Riv25
CGTTNT					Riv25
CAGG				Bak8,Temecula_1,Bak13	Bak8
AGCA					Bak8,LM10
CGRNNA					Temecula_1
GKCWNNNNNRAM					OC8
ARGSWG					Riv16
CCACNRNC					Oak_35874
GGCSGC					Filmore
TSNANNNSCW					Riv19
TCGA				Temecula_1,Bak13,Riv25	Riv19
CGGC				OC8,LM10	LM10
CCRRGMAA					Red_Oak2
CCGG				LM10,Filmore,LA_Y3C	Red_Oak2,LM10
CAGCNNNNNNACC	Riv19				
TACTNNAAC	Riv19				
CAAANNNNNAAA	LM10				
CAACATCA	De_Donno				
GATCC		Oak_35874			
GACNNNNNNNATC			LA_Y3C		
CAAA				Filmore	
CAMCNNNNAC				Riv25	
CMAA				Bak8	
GTRC				Red_Oak2	
CRBCA				Bak13	
GATGT					OC8
CARNSNCA					De_Donno
CARC				Riv16	De_Donno,LA_Y3C
CNYR					LA_Y3C
CCGGG		Red_Oak2			Filmore
GGCA					LM10
CWTSNNNNANG					Riv16
GTACNNNNR					Oak_35874
CCACNNNNNNCCA	Riv16				
GTCANNACC	LA_Y3C				
CAATNNNNNNNCTC	Filmore				
CAACNNNNNNNACG	Riv25				
CCCGGC		LM10			
TCABNNNNCKC				Oak_35874	
CACATC				Oak_35874	
CAKYNNVKT				LA_Y3C	
GCSWNNAWT				Bak8	
CARYYSC				OC8	
CAMGNNNCTC				Oak_35874,LM10	
GTCNNNNNNRCT					Filmore
CYKGNNNNNNNGC					Red_Oak2
ACCCNNNNNNACC	Red_Oak2				
CCACNNNNNNAGC	Temecula_1				
TCAGNNNNCTC	Oak_35874				
CCATNNNNNNNGCA	LA_Y3C				
GGANNNNNNNNATC			Bak13,Bak8,Temecula_1		
TTCGAA		Bak13	Bak13	Bak13	
GASRNNNAYG				Riv25	
ARYACAC				Riv16	
AYAA				Riv19	
CASC				Riv25	
CASSNNNTCG				De_Donno	
GACMNNNNNNGTC				LM10	
CAMSKGCA				De_Donno	
GAWNNNNNNNNNCCC					Temecula_1
CAAG				Riv19	OC8
CNTCNNNNNNGSC					LA_Y3C
CAGM					OC8
AAGNNNNSNA					Riv25
ACSG					Oak_35874
AWRNNNNNGCM					Riv19
CYGGGT					LM10
CGACNNNNNNNCCA	Riv19				
ACAACAAT	Riv25				
ATCCA				Oak_35874	
CRAA				Riv25	
CATGDSCA				Riv16	
ADCA				Riv16	
CCVANNNNNNNYGC				Temecula_1	
CANNNNNACC				Temecula_1	
CYCCT				Temecula_1	
ACAWNNNNNHGT				De_Donno	
CACMCKC				De_Donno	
GGCCA				De_Donno	
GTAC				Filmore,Oak_35874	
CAAT				Filmore	
CACCGDBA				Bak8	
AGDHNNNTG				LM10	
ATCVC				LA_Y3C	
CSYACG				Oak_35874	
CBWAC				LM10	
ACCG				De_Donno	OC8
GGCGNNNNCGG	Temecula_1				
CATCNNNNNNCTC	Filmore				
AAGANNNNNNNAAC	LM10				
CCAGNNCAA	Bak8				
TCMDNNNNCTC				Oak_35874	
TWCVA				Riv25	
ATCA				Riv25	
CAWCNNNSDC				Filmore	
GACVNNNNNNATC				LA_Y3C	
CAAKHKC				De_Donno	
AVSYNNNTRC				De_Donno	
GCARC				De_Donno	
TTCKA				Riv19	
AADC				OC8	
AACA				OC8,Riv25	
CAGBA				Bak13	
CAVSNNNNTGG				LA_Y3C	
ACMHNNNNGTC				Riv19	
ARNGNNNNSNC					De_Donno
AYSRWC				Bak8	
CARNNNNYSG				De_Donno	
ATBDNNYTG				De_Donno	
AGATNNNNNGAT				Riv16	
CGHACG				LM10	
TACG				Oak_35874	Red_Oak2,LA_Y3C
CCABNNNNYTG				LA_Y3C	
TCCANNCC				LA_Y3C	
CATCNNNNNNGGC				Riv19	
ACCAACMC				Riv19	
CSCG					Riv25
TCGAANA					Riv25
GMAGCK					Riv16
CGGR					Red_Oak2
CATNYNTS					OC8
TTGANNANR					Filmore
TCGAA				Riv16	Riv16
CATCAATG	Bak13				
CGCANNNNYCT				Riv19	
GCCNT				De_Donno	
CAWCVCC				OC8	
CAMCCC				LM10	
AGYRNNNTGA				Oak_35874	
TCAHNNNNCTC				Filmore	
CACTNNCGG				Red_Oak2	
CAHYGC				Bak13	
CGGRNNNNA					Bak8
TAYYNNNNNNG					LM10
CCWGNNNNNNYKG					De_Donno
TACYGR					Riv16
CAGANNNNNAAA	LM10				
ATCANNNNNNNCCC	Riv19				
TCATNNNNNNNAAC	LM10				
ACTTNNNNNNNCTC	Oak_35874				
GCCGNNNNNNGTG	LM10				
CRGBTT				Riv25	
AWKCACC				Riv16	
CTCCTNGC				De_Donno	
GMBCNNNWTG				Filmore	
AAAANNNNNNNAMC				Riv25	
ATCGT				Bak8	
CAWCG				De_Donno	
GGGC				Riv19	
ACGGNNNNNGTC				Filmore	
ACGTCAGC				Riv19	
TACNNYC					Temecula_1
CARYNNNNNNNC					De_Donno
CCCCNNNNNNCCC	Riv25				
GGAANNNNNNNATC		Bak13			
CCADNNNNNTGG		LA_Y3C			
ACCMNC				OC8	
AKMRNNNTSA				Filmore	
AMCA				Riv25	
AAMVACA				Red_Oak2	
AWTGNNWTG				De_Donno	
CRTC				Riv19	
CATC				LM10,Filmore,LA_Y3C	
ASAC				OC8	
AAGAMC				Oak_35874	
TTKCTKG					LA_Y3C
AGGSNNNYG					Oak_35874
CRNR					Red_Oak2
CACCNNNNNCGG	Red_Oak2				
AAAAGAAC	Riv25				
ATCGATG			Bak13		
GAANNNNNNNCTC			Red_Oak2		
TCSAA				Riv25,Riv19,Bak13	
GTWCG				Filmore	
CACC				Riv19,Filmore,Temecula_1,LA_Y3C,De_Donno	
AWNWGDT				Temecula_1	
CGMAWBC				Bak8	
CRATGC				De_Donno	
CBTACG				LM10	
CVRATGGT				Bak13	
CGTA				Oak_35874,LA_Y3C,Red_Oak2	
ATTG				Red_Oak2	
CGTCG					Riv25
GANNNNNGNG					Riv16
GAAC					Oak_35874
CCACNNNNNNAAC	Riv25				
CRSRNC				Bak13	
AGGANNNNNAGG				Riv25	
CAMCNNNNVCA				Riv25	
ACSKWC				Bak8	
CMNSSGC				De_Donno	
GACGNNNNGTG				Bak13	
CSTAC				Oak_35874,Red_Oak2	
CAWC				Oak_35874	
ABAYC				Temecula_1	
CRMC				Temecula_1,LM10	
ACGYNNNNNTGT				De_Donno	
AWCCA				Oak_35874	
AANTKWC					Riv25
CANY					LM10
CANNNNNNNGTC					De_Donno
TCAANNNNNNNACC	Oak_35874				
CCAGNNNNNNGCC	OC8				
CAAANNNNNGCA	LM10				
AGTGNNNNGGA	LA_Y3C				
AGKHNNTTG				Oak_35874	
ACKYNNHGT				Temecula_1	
TCDCCA				De_Donno	
AGSGC				De_Donno	
TCAC				Riv19	
CCAGGC				Bak13	
ASAMC				OC8	
ARBAMAC				Riv16	
AWWVNNNNNATC				Bak13	
CANTNNCMM					De_Donno
CGRG					Riv16
CARNG					Oak_35874
AACCNNNNGCA	OC8				
CTCANNNNNACC	Red_Oak2				
CAACNNNNNNNCGC	Riv16				
GATCCA		Oak_35874			
GTASGC				LA_Y3C	
CCANNNNNNTRC				De_Donno	
CAAVNNNAYC				Filmore	
TACC				De_Donno	
CVDWVMC				OC8	
CAWBNNNCT				Oak_35874	
CGHC				Temecula_1	
AAWRBC				Red_Oak2	
AMSRNNANC				Bak13	
CMAYBKC				LM10	
CGCATC				LA_Y3C	
GCYGRC					LM10
CCNS					LA_Y3C
GCCGNNNAAA	LA_Y3C				
CTCTNNNNNNNCGC	Oak_35874				
CGAANNNNCCG	De_Donno				
GGATC		Oak_35874			
GAGC			OC8		
AMCANNVCA				Red_Oak2	
CATSNNNNNNBWC				Riv25	
AVCA				Riv25	
TGNCCTG				Bak13	
CYTCAA				Filmore	
CAWMMMC				Red_Oak2	
CAVNNNNNNRYC				De_Donno	
AYACC				LA_Y3C	
CHSA				OC8	
CATSNNNNCCA				Riv16	
ACADCA				Riv16	
CAATNNNCTC				Oak_35874	
CNCSGA					Temecula_1
TATT					Temecula_1
CWNYG					OC8
ACSGT					Oak_35874
CGAG					Red_Oak2
CCCCNNNCCC	Riv19				
ACATNNNNNNNCTC	Oak_35874				
GAAMNNNNNNCTC				Red_Oak2	
CGCCNNNDTC				Riv25	
AAVMNNBYG				Riv25	
AAVWNNNGCA				Riv19	
CCWG				Temecula_1	
CMWCG				De_Donno	
CCRHCT				Filmore	
CTCANNNAGG				Riv16	
CCGHKBNC				Riv19	
ARGCAA				Riv19	
CTKBNNNNNMGC				LM10	
AAACA				LA_Y3C	
GGACT				OC8	
CGWSNNNTTG				Oak_35874	
CAHTG				Temecula_1	
ATCY					Oak_35874
ATCCNNNNNNNCGC	Riv19				
CATCACCA	Bak8				
GTGCNNNAGG	De_Donno				
AACANNNCCA	Temecula_1				
GAAANNNNNNTGT		LA_Y3C			
GAGNNNNNNNTTC			Red_Oak2		
AANNTG				Riv25	
GACBNNNNNNGTC				Filmore,Red_Oak2	
ACAVNNNNNNGTC				De_Donno	
ACRYC				LA_Y3C	
CRBCHBC				De_Donno	
AYBNCA				Red_Oak2	
ATGVNNNNMAT				Bak13	
GWAC				LM10	
CAGSAWCG					Temecula_1
CGCAT					LA_Y3C
AWNNNNCAM					OC8
CKNNMA					Bak13
ATGNNA					Oak_35874
GCCANNNNNNNGGA	LA_Y3C				
AAGAAAAA	Filmore				
CMAKSGC				Red_Oak2	
CAMCNNNDYC				Oak_35874	
GACKNNNNNGTC				Riv16	
TWCGA				Temecula_1,Bak13	
CAYC				Temecula_1,De_Donno,OC8,Red_Oak2,Riv25	
TGGC				De_Donno,Bak13,Temecula_1,Bak8	
CACCNNNNNNRGC				Bak8	
AACAC				LA_Y3C	
CAMYG				Oak_35874	
CRTAC				Oak_35874	
CGYGNNNNNVVC				Bak13	
AAAHDWA				Bak13	
CGTWC				LM10,LA_Y3C	
TAWSNNAYS					Oak_35874
TATYNNNNA					De_Donno
ATCMA					Oak_35874,Riv16
ACCGGGAT	LA_Y3C				
CAGCNNNNTCA	Bak13				
CAAANNNNNCAG	LM10				
CATTGATA	LM10				
ACAACAAA	De_Donno				
CCAANNNNNNNACC	Bak13				
CAMYNNGNG				Bak8	
CAAYSTC				De_Donno	
CGSCNNNNNCHT				Riv16	
CAHC				Riv16	
CAWMNNNNCCA				Riv19	
GWAMNNNNNNNNATC				Riv25	
AAAANNNNSMA				Riv25	
CVBCNNNSTC				LM10	
CAGK					Bak13
CNNNG					Riv25
CRMTG					Riv19
ACAANNNNGAC	Temecula_1				
ACADNNNNNNGTC		De_Donno			
GAWSNNNNKCA				Temecula_1	
ACDCNNNKTC				Temecula_1	
CMMNNNNCTC				Filmore	
CCYVMCT				Bak8	
GCSDNNNNNNNRGC				De_Donno	
AGAC				OC8	
GAVDNNNNTGA				LM10	
GAASNNNNTGA				Oak_35874	
GTSCGGC				Oak_35874	
ATSC				Oak_35874	
ATCG				Oak_35874	
GAKMNNNTTG				Filmore	
AGKTNNHTG				Oak_35874	
GSCNCNT					OC8
GACCAA					OC8
GTACK					Oak_35874
AKBANNNCGA				Riv25	
TYGAA				Temecula_1	
ANACCA				Filmore	
CHGC				LA_Y3C	
ARSYC				Oak_35874	
ACADNNNNNBGT				De_Donno	
GAAKNNNNGCA				Bak13	
CYACAMC				Riv19	
CWGGNNNNNNNG					Bak13
CCGNRM					LA_Y3C
GACNNNNNR					Oak_35874
GNNANNNNNNRC					Filmore
CAATSNC					Filmore
ATCDC				Filmore	
CSRCA				De_Donno	
TCADNNNNCWC				LM10	
CMAWWC				OC8	
AAAAWC				Riv16	
CNAYNNNRGC					Riv25
ATGGNR					Bak13
CCGRNNWCR					OC8
GACGNNNNSKS					Bak13
CAGGNNNTG					Bak13
GAGGNNGCT					Filmore
CWWCNNCAR					Riv19
CCKGNNNNR					LM10
GGAANNNNCCG	LM10				
AACG				Riv16	
CRHRNNGTG				Temecula_1	
TYCGA				Temecula_1	
CABHNNNNTG				LA_Y3C	
TGARNNVBG				Bak8	
TTCGMA				Riv19	
AGBRNNNTGA				LM10	
ACVNSC				Temecula_1	
ACVYNNNNMWT				Riv19	
CAHCAACG				Riv19	
TKGA					Bak13
GTAWYGC					De_Donno
GRYANNNNNNNNGWS					De_Donno
CMCKA					Red_Oak2
GGYANNNNNNTGG			De_Donno		
CAVBNNNNTGG				LA_Y3C	
CTCGC				De_Donno	
GAATNNNNGAA				Riv16	
CVYCA				OC8	
CGCC				Red_Oak2	
TGADDTTG				LM10	
GNCCNA					LA_Y3C
GGCC					LA_Y3C
AYCNAC					OC8
AWRA					OC8
CAAANNAAA	De_Donno				
CAACACC	Temecula_1				
GCCANNNNNNNGTG	Temecula_1				
GAKDNNCVT				Filmore	
CAAMNNNBGC				Riv25	
CAGANNTCC				Riv16	
CGCMNNNNNCGC				LM10	
TCGKNNNAGG				Bak13	
CABC				Red_Oak2	
CSARG					Temecula_1
TCNGA					Riv25
ACNNNNNGTG					Bak8
GNATNNNNNNNNANC					Temecula_1
ACGCWR					Oak_35874
ATCNNNNNSAT					Oak_35874
GACGNNNNNNNGTT	De_Donno				
GCCANNNNATT	De_Donno				
TGACNNNNNNNGAA	LM10				
CCTGGC		Bak13		Bak8,Bak13	
GACNNNNNNNTGT			De_Donno		
CASCNNNNSCA				Riv16	
TTCGWA				Temecula_1	
CAAAC				Bak13,LM10	
ACAASSA				Riv25	
CHWCNNNBYC				De_Donno	
AHAAA				De_Donno,OC8	
GCSATTG				OC8	
TCASNNNNCTC				Filmore	
AAAATAA				Temecula_1	
GSABNNTSC				LM10	
CMAAKSC				LM10	
GACNNNNNNNNMTG					Temecula_1
CGGMACKT					OC8
AGSATG					Oak_35874
ATCYT					Oak_35874
CAAANNACA	De_Donno				
ACCANNNVC				OC8	
ATBNNNNNVAT				Temecula_1	
CARGSKC				De_Donno	
TGCANNNNNNCCT				Riv16	
TTCGA				Riv16,Riv25,Riv19	
CYAC				LA_Y3C	
ATTGNNNNNTTG				Riv16	
AABHNNNNCA				Riv16	
ACVYAC				Bak8	
AHYG				LM10	
CARKNNNNANR					Bak13
CAGKNNNNNNAA					Temecula_1
CAACNNNAAC	Oak_35874				
CGACNNNNNNNTCG	Riv25				
CCGCNNNNGCC	Filmore				
CCCTNNNNNNNCGC	Riv25				
AYCRNNRCC				Temecula_1	
CAHT				LA_Y3C	
AATNNNNNNATC				Temecula_1	
CCSSNNNCCA				Temecula_1	
ACYSDSHG				Temecula_1	
CATTG				Riv16	
AGGCCA				Riv25	
CSSC				LM10	
CAGDCA				Riv19	
TSATNNNNATC					Bak13
GANNNNNNNNNNNA					Red_Oak2
CAGCNT					De_Donno
AACACCA	Temecula_1				
GACGNNNNNGTC	Riv25				
CAAANNNNNNNCCA	OC8				
CWBVNNCAA				Riv25	
GACSNNNNNGTC				Riv16	
CMWC				Riv19	
ADVRNNNNRSC				De_Donno	
TGCC				De_Donno	
CTAKNNAGG				Riv16	
GATTCAG				Riv16	
GCCG				LA_Y3C	
AGNATC				Oak_35874	
ADCCA				Oak_35874	
CACCHHC				Riv25	
TCRANNNNNNNAWS					Temecula_1
CNYRNNNNNC					Riv19
CACCACCC	Oak_35874				
GAAHNNNNNNCTC		Red_Oak2			
CATCGATA		Temecula_1			
CAAWST				Red_Oak2	
CAHGKGCA				De_Donno	
CNVC				OC8	
AYCA				Red_Oak2	
CMAGG					Bak8
GNCTTYG					Bak13
CGYCA					Bak13
ATKNNNNNNNNTT					Bak13
CANNA					LM10
AACS					Oak_35874
SCCGG		LM10			
AWCRCC				Red_Oak2	
ANNSC				LA_Y3C	
AGGCNNNNARC				Riv16	
CMYCNNNCAA				LM10	
ACYSNNHGT				Temecula_1	
TCRAA				Bak13	
AGKVNNNTGA				LM10	
AGCGTMCK					Oak_35874
CNTY					Oak_35874
CAANNNNCTC					Filmore
CACCNNNNCCA	Red_Oak2				
CATCNNNNNCGG	OC8				
ATCCNNNNAAT	LA_Y3C				
GGYANNNNNNTG		De_Donno			
ACVYNNNNAWT				Riv19	
GAYNNNNNNNATC				Temecula_1	
CGTAC				Red_Oak2	
CANMNNNNT				De_Donno	
CAKTG				De_Donno	
GCCGNNNTGC				Riv16	
AAVAA				OC8	
GYTC				OC8	
ACBHNNNNGTC				Riv25	
CCAATG				Oak_35874	
GCCANNNNNG					Temecula_1
ACAG					Temecula_1
TCMGNNNNSTG					OC8
GAKNNNNNTGA					LM10
CGGSNNNG					Filmore
CCGGNNNNNNNRNC					Filmore
CAATNNNNNNNGCA	Riv16				
ACAGNNNATC	Bak13				
CAWCNNNACC				Filmore	
CMYNNNNNNNNRCA				Temecula_1	
CAMCNNNKHC				LA_Y3C	
CAGYNNNGCC				Bak8	
CAACVYC				LA_Y3C	
CRNHAC				LM10	
GNCC					Riv25,Oak_35874
AAACAACA	Bak8,Filmore				
CAAAAA	Filmore				
AACANNNNNGGT	Temecula_1				
CATCGAT			Bak13		
CADCKCA				Oak_35874	
CGHTNNSBT				Riv25	
ACCA				Bak8,De_Donno	
TCSCC				De_Donno	
CCAGNNNNNNNGCC				Riv16	
GACDNNNNNGTC				Riv16	
CANHNNNNNNGNC				OC8	
GATGNNNNNNATC				Bak13,Bak8	
CAAHNNNNCCA				Filmore	
CAMCYKCA				Temecula_1	
TCGBCAYC				Riv16	
CRCCMTC				Oak_35874	
GAWG					Bak8
TGCNNNNYNG					Temecula_1
CAGYG					Temecula_1
ANAA					OC8
GSCANNGNC					Riv16
CAYNNRNY					Riv19
AWNCNNNNNTG					LM10
CACCNNNNNNNACA	Red_Oak2				
AACANNNNNNNCAA	Bak13				
AACANNNNNNGTT	Filmore				
ACNBNNNGT		Temecula_1			
CKKHAMC				Riv25	
TVCG				Filmore	
ACSWNNNNGTC				Riv25	
CCCG				Red_Oak2	
AVAYVAMC				Temecula_1	
ACTRGCA				Riv16	
AAASAA				Riv25	
GCGKTGTT				Riv19	
CRAAANT					OC8
CARTACC					OC8
TNGANNMAG					LA_Y3C
CGWACGNM					LA_Y3C
GCRACT					LM10
TAYNNMNC					De_Donno
GRNCY					LA_Y3C
CGAC				Riv25	
CAMMNNNCKC				Filmore	
CNWCA				Riv19	
ABYVYRAT				LA_Y3C	
CACCVSCA				Bak13	
ACYSGC				Bak13	
CAVC				Oak_35874,Red_Oak2	
GCDTNNNNANA				Bak13	
CANC				Bak8	
CCAGNNNNGC					Bak13
GCYCNNKYG					Riv16
ANNNNNNNA					De_Donno
CCCANNNNNCAC	Oak_35874				
TGCNRCTG				Riv25	
ACCHNNKGT				Temecula_1	
CAYYGACA				Riv25	
AAATNNNNAGA				Riv16	
CAGCAAYA				Riv16	
CGWANNYRG				LA_Y3C	
CBYKVHGT				Bak13	
AARWC					Riv25
TGCAA					Temecula_1
GANANNNNTNA					LA_Y3C
TCGANNNNNT					Bak13
TCGATA					Riv19
AAGANNNNNNNGGA	Red_Oak2				
CCCCCC	Riv16				
ACCNVMYA				OC8	
AHAYC				Temecula_1	
CASCRCC				Bak13	
GCAKNNTGA				Filmore	
GATCA				Bak8	
AVWA				Bak8	
ADMNNNNTGC				De_Donno	
GVSAT				De_Donno	
ATGBNNNNVWT				Bak13	
ATSVNNNNNATC				Bak13	
AWTGNNNGAA				Riv25	
ADBVNNMMC				LM10	
CAABGC				LM10	
CWCCNNNNMCA				Riv19	
CCANG					Bak13
ACNCAC					OC8
CCASG					Bak8
AATBGC				Riv19	
CAKC				Temecula_1,Filmore	
CAANRCA				De_Donno	
AHCMNNNMCA				Red_Oak2	
CMWDBT				Riv19	
AANRNNNNGRM					LA_Y3C
TCGAWMNM					Riv16
GCCGNNAAA	OC8				
CSADNNNNNCGA				Riv25	
CSAAKVC				Riv25	
AMCAC				Riv19	
CABVNNNACC				LA_Y3C	
AAKTNNAAC				Riv25	
AVCDC				Riv25	
GTHACCG				LM10	
GACHNNNNGTG				Bak13	
AASGNNNNNAAG				Temecula_1	
GGCMA				Temecula_1	
CAMCA				Riv16	
CAACNNNNCCG				Riv25	
CCDKC				LM10	
AGNC					Riv25
CGACNR					OC8
CMAGSTCA					LM10
ATCMNNNNRM					LM10
ANWNNNNNGNC					Oak_35874
